<?xml version="1.0"?>
<!DOCTYPE hibernate-mapping PUBLIC "-//Hibernate/Hibernate Mapping DTD 3.0//EN"
"http://hibernate.sourceforge.net/hibernate-mapping-3.0.dtd">
<!-- Generated Jun 9, 2014 11:34:43 PM by Hibernate Tools 3.4.0.CR1 -->
<hibernate-mapping>
    <class name="pojos.TblCountries" table="tbl_countries" catalog="db_rlgame">
        <id name="pkCountryId" type="int">
            <column name="pk_country_id" />
            <generator class="assigned" />
        </id>
        <property name="fldAlpha2" type="string">
            <column name="fld_alpha_2" length="10" />
        </property>
        <property name="fldAlpha3" type="string">
            <column name="fld_alpha_3" length="10" />
        </property>
        <property name="fldCountryName" type="string">
            <column name="fld_country_name" length="100" />
        </property>
        <property name="fldFlag" type="binary">
            <column name="fld_flag" />
        </property>
        <set name="tblUsers" table="tbl_user" inverse="true" lazy="true" fetch="select">
            <key>
                <column name="pk_country_id" />
            </key>
            <one-to-many class="pojos.TblUser" />
        </set>
    </class>
</hibernate-mapping>
