<?xml version="1.0"?>
<!DOCTYPE hibernate-mapping PUBLIC "-//Hibernate/Hibernate Mapping DTD 3.0//EN"
"http://hibernate.sourceforge.net/hibernate-mapping-3.0.dtd">
<!-- Generated Jun 9, 2014 11:34:43 PM by Hibernate Tools 3.4.0.CR1 -->
<hibernate-mapping>
    <class name="pojos.TblGame" table="tbl_game" catalog="db_rlgame">
        <id name="pkGameId" type="int">
            <column name="pk_game_id" precision="12" scale="0" />
            <generator class="identity" />
        </id>
        <many-to-one name="tblUserByFkWhiteId" class="pojos.TblUser" fetch="select">
            <column name="fk_white_id" not-null="true" />
        </many-to-one>
        <many-to-one name="tblUserByFkBlackId" class="pojos.TblUser" fetch="select">
            <column name="fk_black_id" not-null="true" />
        </many-to-one>
        <property name="fldTimeFinished" type="timestamp">
            <column name="fld_time_finished" length="19" />
        </property>
        <property name="fldTimeStarted" type="timestamp">
            <column name="fld_time_started" length="19" />
        </property>
        <property name="fldFinished" type="java.lang.Boolean">
            <column name="fld_finished" />
        </property>
        <property name="fldWhiteEloBefore" type="java.lang.Float">
            <column name="fld_white_elo_before" precision="12" scale="0" />
        </property>
        <property name="fldBlackEloBefore" type="java.lang.Float">
            <column name="fld_black_elo_before" precision="12" scale="0" />
        </property>
        <property name="fldWhiteEloAfter" type="java.lang.Float">
            <column name="fld_white_elo_after" precision="12" scale="0" />
        </property>
        <property name="fldBlackEloAfter" type="java.lang.Float">
            <column name="fld_black_elo_after" precision="12" scale="0" />
        </property>
        <property name="fldWinner" type="java.lang.Boolean">
            <column name="fld_winner" />
        </property>
        <set name="tblMoveses" table="tbl_moves" inverse="true" lazy="true" fetch="select">
            <key>
                <column name="pk_game_id" precision="12" scale="0" not-null="true" />
            </key>
            <one-to-many class="pojos.TblMoves" />
        </set>
    </class>
</hibernate-mapping>
