<?xml version="1.0"?>
<!DOCTYPE hibernate-mapping PUBLIC "-//Hibernate/Hibernate Mapping DTD 3.0//EN"
"http://hibernate.sourceforge.net/hibernate-mapping-3.0.dtd">
<!-- Generated Jun 9, 2014 11:34:43 PM by Hibernate Tools 3.4.0.CR1 -->
<hibernate-mapping>
    <class name="pojos.TblMoves" table="tbl_moves" catalog="db_rlgame">
        <id name="pkMoveId" type="java.lang.Integer">
            <column name="pk_move_id" />
            <generator class="identity" />
        </id>
        <many-to-one name="tblGame" class="pojos.TblGame" fetch="select">
            <column name="pk_game_id" precision="12" scale="0" not-null="true" />
        </many-to-one>
        <property name="fldFromx" type="java.lang.Integer">
            <column name="fld_fromx" />
        </property>
        <property name="fldFromy" type="string">
            <column name="fld_fromy" length="10" />
        </property>
        <property name="fldTox" type="string">
            <column name="fld_tox" length="10" />
        </property>
        <property name="fldToy" type="string">
            <column name="fld_toy" length="10" />
        </property>
        <property name="fldWhiteTurn" type="boolean">
            <column name="fld_white_turn" not-null="true" />
        </property>
        <property name="fldMoveOrder" type="java.lang.Integer">
            <column name="fld_move_order" />
        </property>
        <property name="fldIsFirst" type="boolean">
            <column name="fld_is_first" not-null="true" />
        </property>
        <property name="fldIsLast" type="boolean">
            <column name="fld_is_last" not-null="true" />
        </property>
    </class>
</hibernate-mapping>
