<?xml version="1.0"?>
<!DOCTYPE hibernate-mapping PUBLIC "-//Hibernate/Hibernate Mapping DTD 3.0//EN"
"http://hibernate.sourceforge.net/hibernate-mapping-3.0.dtd">
<!-- Generated Jun 9, 2014 11:34:43 PM by Hibernate Tools 3.4.0.CR1 -->
<hibernate-mapping>
    <class name="pojos.TblUser" table="tbl_user" catalog="db_rlgame">
        <id name="pkUserId" type="java.lang.Integer">
            <column name="pk_user_id" />
            <generator class="identity" />
        </id>
        <many-to-one name="tblCountries" class="pojos.TblCountries" fetch="select">
            <column name="pk_country_id" />
        </many-to-one>
        <property name="fldSd" type="java.lang.Float">
            <column name="fld_sd" precision="12" scale="0" />
        </property>
        <property name="fldNickname" type="string">
            <column name="fld_nickname" length="100" />
        </property>
        <property name="fldFirstname" type="string">
            <column name="fld_firstname" length="50" />
        </property>
        <property name="fldLastname" type="string">
            <column name="fld_lastname" length="50" />
        </property>
        <property name="fldPassword" type="string">
            <column name="fld_password" length="50" />
        </property>
        <property name="fldElo" type="java.lang.Float">
            <column name="fld_ELO" precision="12" scale="0" />
        </property>
        <property name="fldExperience" type="java.lang.Integer">
            <column name="fld_experience" />
        </property>
        <property name="fldEmail" type="string">
            <column name="fld_email" length="50" />
        </property>
        <property name="fldUsername" type="string">
            <column name="fld_username" length="50" />
        </property>
        <set name="tblGamesForFkWhiteId" table="tbl_game" inverse="true" lazy="true" fetch="select">
            <key>
                <column name="fk_white_id" not-null="true" />
            </key>
            <one-to-many class="pojos.TblGame" />
        </set>
        <set name="tblGamesForFkBlackId" table="tbl_game" inverse="true" lazy="true" fetch="select">
            <key>
                <column name="fk_black_id" not-null="true" />
            </key>
            <one-to-many class="pojos.TblGame" />
        </set>
    </class>
</hibernate-mapping>
