<?xml version="1.0"?>
<faces-config xmlns="http://java.sun.com/xml/ns/javaee"
	xmlns:xsi="http://www.w3.org/2001/XMLSchema-instance"
	xsi:schemaLocation="http://java.sun.com/xml/ns/javaee 
      http://java.sun.com/xml/ns/javaee/web-facesconfig_2_0.xsd"
	version="2.0">
	<!-- Empty for now. Your entries will go here. But even if you have no entries 
		in faces-config.xml, you are required to have a valid faces-config.xml file 
		with legal start and end tags. From JSF 2.0 tutorial at http://www.coreservlets.com/JSF-Tutorial/jsf2/ -->

	<application>
		<locale-config>
			<default-locale>el</default-locale>
		</locale-config>
	</application>

	<application>
		<locale-config>
			<default-locale>en</default-locale>
		</locale-config>

	</application>


	

	<managed-bean>
		<managed-bean-name>treeMenuBean</managed-bean-name>
		<managed-bean-class>beans.TreeMenuBean</managed-bean-class>
		<managed-bean-scope>session</managed-bean-scope>
	</managed-bean>

	<managed-bean>
		<managed-bean-name>getbean</managed-bean-name>
		<managed-bean-class>beans.getbean</managed-bean-class>
		<managed-bean-scope>session</managed-bean-scope>
	</managed-bean>
	

		<managed-bean>
		<managed-bean-name>insertpremisebean</managed-bean-name>
		<managed-bean-class>beans.InsertPremiseBean</managed-bean-class>
		<managed-bean-scope>session</managed-bean-scope>
	</managed-bean>

	
	<managed-bean>
		<managed-bean-name>addestatebean</managed-bean-name>
		<managed-bean-class>beans.AddEstateBean</managed-bean-class>
		<managed-bean-scope>session</managed-bean-scope>
	</managed-bean>
	
	<managed-bean>
		<managed-bean-name>counterbean</managed-bean-name>
		<managed-bean-class>beans.CounterBean</managed-bean-class>
		<managed-bean-scope>application</managed-bean-scope>
		
	</managed-bean>
	
	<managed-bean>
		<managed-bean-name>chatviewbean</managed-bean-name>
		<managed-bean-class>beans.ChatViewBean</managed-bean-class>
		<managed-bean-scope>session</managed-bean-scope>
		<managed-property>
            <property-name>users</property-name>
            <value>#{chatusers}</value>
         </managed-property>
         <managed-property>
            <property-name>invitations</property-name>
            <value>#{activeinvitations}</value>
         </managed-property>
		
			 <managed-property>
            <property-name>games</property-name>
            <value>#{games}</value>
         </managed-property>
			
	</managed-bean>
	<managed-bean>
		<managed-bean-name>chatusers</managed-bean-name>
		<managed-bean-class>view.ChatUsers</managed-bean-class>
		<managed-bean-scope>application</managed-bean-scope>
		
		
	</managed-bean>
	
	
	<managed-bean>
		<managed-bean-name>activeinvitations</managed-bean-name>
		<managed-bean-class>view.ActiveInvitations</managed-bean-class>
		<managed-bean-scope>application</managed-bean-scope>
		
		
	</managed-bean>
	
	<managed-bean>
		<managed-bean-name>games</managed-bean-name>
		<managed-bean-class>view.Games</managed-bean-class>
		<managed-bean-scope>application</managed-bean-scope>
		
		
	</managed-bean>
	
	



	<validator>
        <validator-id>mailvalidator</validator-id>
        <validator-class>validators.MailValidator</validator-class>
    </validator>










    <application>     
		<resource-bundle>
			<base-name>messages.message</base-name>
			<var>message</var>
		</resource-bundle>		
		<locale-config>
            <default-locale>el</default-locale>
        </locale-config>                        
    </application>







</faces-config>
