<?xml version='1.0' encoding='UTF-8'?>
<!DOCTYPE hibernate-configuration PUBLIC
"-//Hibernate/Hibernate Configuration DTD 3.0//EN"
"http://www.hibernate.org/dtd/hibernate-configuration-3.0.dtd">

  
<hibernate-configuration>
<session-factory>
 
<!-- hibernate dialect -->
 <property name="hibernate.dialect">org.hibernate.dialect.MySQLInnoDBDialect</property>
 
<property name="current_session_context_class">thread</property>
<property name="hibernate.connection.driver_class">com.mysql.jdbc.Driver</property>
<property name="hibernate.connection.url">jdbc:mysql://localhost:3306/db_rlgame?characterEncoding=utf8</property>
<property name="hibernate.connection.username">root</property>
<property name="hibernate.connection.password">123456</property>
<property name="transaction.factory_class">org.hibernate.transaction.JDBCTransactionFactory</property>

 
<!-- Simple memory-only cache -->
<property name="hibernate.cache.provider_class">org.hibernate.cache.HashtableCacheProvider</property>
 
<!-- Enable Hibernate's automatic session context management -->

 
<!-- ############################################ -->
<!-- # mapping files with external dependencies # -->
<!-- ############################################ -->
 


<mapping resource="pojos/TblUser.hbm.xml"/>
<mapping resource="pojos/TblGame.hbm.xml"/>
<mapping resource="pojos/TblMoves.hbm.xml"/>
<mapping resource="pojos/TblCountries.hbm.xml"/>
 
</session-factory>
</hibernate-configuration>